[
{
    "model": "auth.permission",
    "pk": 1,
    "fields": {
        "name": "Can add log entry",
        "content_type": 1,
        "codename": "add_logentry"
    }
},
{
    "model": "auth.permission",
    "pk": 2,
    "fields": {
        "name": "Can change log entry",
        "content_type": 1,
        "codename": "change_logentry"
    }
},
{
    "model": "auth.permission",
    "pk": 3,
    "fields": {
        "name": "Can delete log entry",
        "content_type": 1,
        "codename": "delete_logentry"
    }
},
{
    "model": "auth.permission",
    "pk": 4,
    "fields": {
        "name": "Can view log entry",
        "content_type": 1,
        "codename": "view_logentry"
    }
},
{
    "model": "auth.permission",
    "pk": 5,
    "fields": {
        "name": "Can add permission",
        "content_type": 2,
        "codename": "add_permission"
    }
},
{
    "model": "auth.permission",
    "pk": 6,
    "fields": {
        "name": "Can change permission",
        "content_type": 2,
        "codename": "change_permission"
    }
},
{
    "model": "auth.permission",
    "pk": 7,
    "fields": {
        "name": "Can delete permission",
        "content_type": 2,
        "codename": "delete_permission"
    }
},
{
    "model": "auth.permission",
    "pk": 8,
    "fields": {
        "name": "Can view permission",
        "content_type": 2,
        "codename": "view_permission"
    }
},
{
    "model": "auth.permission",
    "pk": 9,
    "fields": {
        "name": "Can add group",
        "content_type": 3,
        "codename": "add_group"
    }
},
{
    "model": "auth.permission",
    "pk": 10,
    "fields": {
        "name": "Can change group",
        "content_type": 3,
        "codename": "change_group"
    }
},
{
    "model": "auth.permission",
    "pk": 11,
    "fields": {
        "name": "Can delete group",
        "content_type": 3,
        "codename": "delete_group"
    }
},
{
    "model": "auth.permission",
    "pk": 12,
    "fields": {
        "name": "Can view group",
        "content_type": 3,
        "codename": "view_group"
    }
},
{
    "model": "auth.permission",
    "pk": 13,
    "fields": {
        "name": "Can add user",
        "content_type": 4,
        "codename": "add_user"
    }
},
{
    "model": "auth.permission",
    "pk": 14,
    "fields": {
        "name": "Can change user",
        "content_type": 4,
        "codename": "change_user"
    }
},
{
    "model": "auth.permission",
    "pk": 15,
    "fields": {
        "name": "Can delete user",
        "content_type": 4,
        "codename": "delete_user"
    }
},
{
    "model": "auth.permission",
    "pk": 16,
    "fields": {
        "name": "Can view user",
        "content_type": 4,
        "codename": "view_user"
    }
},
{
    "model": "auth.permission",
    "pk": 17,
    "fields": {
        "name": "Can add content type",
        "content_type": 5,
        "codename": "add_contenttype"
    }
},
{
    "model": "auth.permission",
    "pk": 18,
    "fields": {
        "name": "Can change content type",
        "content_type": 5,
        "codename": "change_contenttype"
    }
},
{
    "model": "auth.permission",
    "pk": 19,
    "fields": {
        "name": "Can delete content type",
        "content_type": 5,
        "codename": "delete_contenttype"
    }
},
{
    "model": "auth.permission",
    "pk": 20,
    "fields": {
        "name": "Can view content type",
        "content_type": 5,
        "codename": "view_contenttype"
    }
},
{
    "model": "auth.permission",
    "pk": 21,
    "fields": {
        "name": "Can add session",
        "content_type": 6,
        "codename": "add_session"
    }
},
{
    "model": "auth.permission",
    "pk": 22,
    "fields": {
        "name": "Can change session",
        "content_type": 6,
        "codename": "change_session"
    }
},
{
    "model": "auth.permission",
    "pk": 23,
    "fields": {
        "name": "Can delete session",
        "content_type": 6,
        "codename": "delete_session"
    }
},
{
    "model": "auth.permission",
    "pk": 24,
    "fields": {
        "name": "Can view session",
        "content_type": 6,
        "codename": "view_session"
    }
},
{
    "model": "auth.permission",
    "pk": 25,
    "fields": {
        "name": "Can add answer",
        "content_type": 7,
        "codename": "add_answer"
    }
},
{
    "model": "auth.permission",
    "pk": 26,
    "fields": {
        "name": "Can change answer",
        "content_type": 7,
        "codename": "change_answer"
    }
},
{
    "model": "auth.permission",
    "pk": 27,
    "fields": {
        "name": "Can delete answer",
        "content_type": 7,
        "codename": "delete_answer"
    }
},
{
    "model": "auth.permission",
    "pk": 28,
    "fields": {
        "name": "Can view answer",
        "content_type": 7,
        "codename": "view_answer"
    }
},
{
    "model": "auth.permission",
    "pk": 29,
    "fields": {
        "name": "Can add question",
        "content_type": 8,
        "codename": "add_question"
    }
},
{
    "model": "auth.permission",
    "pk": 30,
    "fields": {
        "name": "Can change question",
        "content_type": 8,
        "codename": "change_question"
    }
},
{
    "model": "auth.permission",
    "pk": 31,
    "fields": {
        "name": "Can delete question",
        "content_type": 8,
        "codename": "delete_question"
    }
},
{
    "model": "auth.permission",
    "pk": 32,
    "fields": {
        "name": "Can view question",
        "content_type": 8,
        "codename": "view_question"
    }
},
{
    "model": "auth.permission",
    "pk": 33,
    "fields": {
        "name": "Can add quiz",
        "content_type": 9,
        "codename": "add_quiz"
    }
},
{
    "model": "auth.permission",
    "pk": 34,
    "fields": {
        "name": "Can change quiz",
        "content_type": 9,
        "codename": "change_quiz"
    }
},
{
    "model": "auth.permission",
    "pk": 35,
    "fields": {
        "name": "Can delete quiz",
        "content_type": 9,
        "codename": "delete_quiz"
    }
},
{
    "model": "auth.permission",
    "pk": 36,
    "fields": {
        "name": "Can view quiz",
        "content_type": 9,
        "codename": "view_quiz"
    }
},
{
    "model": "auth.permission",
    "pk": 37,
    "fields": {
        "name": "Can add question choice",
        "content_type": 10,
        "codename": "add_questionchoice"
    }
},
{
    "model": "auth.permission",
    "pk": 38,
    "fields": {
        "name": "Can change question choice",
        "content_type": 10,
        "codename": "change_questionchoice"
    }
},
{
    "model": "auth.permission",
    "pk": 39,
    "fields": {
        "name": "Can delete question choice",
        "content_type": 10,
        "codename": "delete_questionchoice"
    }
},
{
    "model": "auth.permission",
    "pk": 40,
    "fields": {
        "name": "Can view question choice",
        "content_type": 10,
        "codename": "view_questionchoice"
    }
},
{
    "model": "auth.permission",
    "pk": 41,
    "fields": {
        "name": "Can add answer quiz",
        "content_type": 11,
        "codename": "add_answerquiz"
    }
},
{
    "model": "auth.permission",
    "pk": 42,
    "fields": {
        "name": "Can change answer quiz",
        "content_type": 11,
        "codename": "change_answerquiz"
    }
},
{
    "model": "auth.permission",
    "pk": 43,
    "fields": {
        "name": "Can delete answer quiz",
        "content_type": 11,
        "codename": "delete_answerquiz"
    }
},
{
    "model": "auth.permission",
    "pk": 44,
    "fields": {
        "name": "Can view answer quiz",
        "content_type": 11,
        "codename": "view_answerquiz"
    }
},
{
    "model": "auth.permission",
    "pk": 45,
    "fields": {
        "name": "Can add answer choice",
        "content_type": 12,
        "codename": "add_answerchoice"
    }
},
{
    "model": "auth.permission",
    "pk": 46,
    "fields": {
        "name": "Can change answer choice",
        "content_type": 12,
        "codename": "change_answerchoice"
    }
},
{
    "model": "auth.permission",
    "pk": 47,
    "fields": {
        "name": "Can delete answer choice",
        "content_type": 12,
        "codename": "delete_answerchoice"
    }
},
{
    "model": "auth.permission",
    "pk": 48,
    "fields": {
        "name": "Can view answer choice",
        "content_type": 12,
        "codename": "view_answerchoice"
    }
},
{
    "model": "auth.user",
    "pk": 1,
    "fields": {
        "password": "pbkdf2_sha256$260000$mZBv0CqsqmFYbSl7mjvZH4$DvRBrPnc8Uskp41GyfyQV0Z5Cf22oZCfyjpFDukRCUA=",
        "last_login": null,
        "is_superuser": false,
        "username": "test_user",
        "first_name": "",
        "last_name": "",
        "email": "lennon@thebeatles.com",
        "is_staff": false,
        "is_active": true,
        "date_joined": "2021-06-12T19:19:30.033Z",
        "groups": [],
        "user_permissions": []
    }
},
{
    "model": "contenttypes.contenttype",
    "pk": 1,
    "fields": {
        "app_label": "admin",
        "model": "logentry"
    }
},
{
    "model": "contenttypes.contenttype",
    "pk": 2,
    "fields": {
        "app_label": "auth",
        "model": "permission"
    }
},
{
    "model": "contenttypes.contenttype",
    "pk": 3,
    "fields": {
        "app_label": "auth",
        "model": "group"
    }
},
{
    "model": "contenttypes.contenttype",
    "pk": 4,
    "fields": {
        "app_label": "auth",
        "model": "user"
    }
},
{
    "model": "contenttypes.contenttype",
    "pk": 5,
    "fields": {
        "app_label": "contenttypes",
        "model": "contenttype"
    }
},
{
    "model": "contenttypes.contenttype",
    "pk": 6,
    "fields": {
        "app_label": "sessions",
        "model": "session"
    }
},
{
    "model": "contenttypes.contenttype",
    "pk": 7,
    "fields": {
        "app_label": "core",
        "model": "answer"
    }
},
{
    "model": "contenttypes.contenttype",
    "pk": 8,
    "fields": {
        "app_label": "core",
        "model": "question"
    }
},
{
    "model": "contenttypes.contenttype",
    "pk": 9,
    "fields": {
        "app_label": "core",
        "model": "quiz"
    }
},
{
    "model": "contenttypes.contenttype",
    "pk": 10,
    "fields": {
        "app_label": "core",
        "model": "questionchoice"
    }
},
{
    "model": "contenttypes.contenttype",
    "pk": 11,
    "fields": {
        "app_label": "core",
        "model": "answerquiz"
    }
},
{
    "model": "contenttypes.contenttype",
    "pk": 12,
    "fields": {
        "app_label": "core",
        "model": "answerchoice"
    }
},
{
    "model": "core.quiz",
    "pk": 1,
    "fields": {
        "uuid": "1",
        "title": "Animals",
        "slug": "animals"
    }
},
{
    "model": "core.quiz",
    "pk": 2,
    "fields": {
        "uuid": "2",
        "title": "Test",
        "slug": "test"
    }
},
{
    "model": "core.quiz",
    "pk": 3,
    "fields": {
        "uuid": "3",
        "title": "Questions Python",
        "slug": "questions-python"
    }
},
{
    "model": "core.question",
    "pk": 1,
    "fields": {
        "quiz": 1,
        "uuid": "1-1",
        "text": "Who is bigger?"
    }
},
{
    "model": "core.question",
    "pk": 2,
    "fields": {
        "quiz": 2,
        "uuid": "2-1",
        "text": "Вопрос 1"
    }
},
{
    "model": "core.question",
    "pk": 3,
    "fields": {
        "quiz": 2,
        "uuid": "2-2",
        "text": "Вопрос 2"
    }
},
{
    "model": "core.question",
    "pk": 4,
    "fields": {
        "quiz": 2,
        "uuid": "2-3",
        "text": "Вопрос 3"
    }
},
{
    "model": "core.question",
    "pk": 5,
    "fields": {
        "quiz": 3,
        "uuid": "3-1",
        "text": "Вопрос 1. С помощью какого ключевого слова объявляется функция:"
    }
},
{
    "model": "core.question",
    "pk": 6,
    "fields": {
        "quiz": 3,
        "uuid": "3-2",
        "text": "Вопрос 2. Оператор is служит для проверки"
    }
},
{
    "model": "core.question",
    "pk": 7,
    "fields": {
        "quiz": 3,
        "uuid": "3-3",
        "text": "Вопрос 3. Укажите функцию, возвращающую объект-посредник, который делегирует вызовы метода родительскому или родственному классу"
    }
},
{
    "model": "core.question",
    "pk": 8,
    "fields": {
        "quiz": 3,
        "uuid": "3-4",
        "text": "Вопрос 4. Укажите ключевые слова для обозначения методов класса:"
    }
},
{
    "model": "core.question",
    "pk": 9,
    "fields": {
        "quiz": 3,
        "uuid": "3-5",
        "text": "Вопрос 5. Укажите неизменяемые типы данных:"
    }
},
{
    "model": "core.questionchoice",
    "pk": 1,
    "fields": {
        "question": 1,
        "uuid": "1-1-1",
        "text": "An elephant",
        "is_correct": true
    }
},
{
    "model": "core.questionchoice",
    "pk": 2,
    "fields": {
        "question": 1,
        "uuid": "1-1-2",
        "text": "A mouse",
        "is_correct": false
    }
},
{
    "model": "core.questionchoice",
    "pk": 3,
    "fields": {
        "question": 2,
        "uuid": "2-1-1",
        "text": "Вариант А",
        "is_correct": true
    }
},
{
    "model": "core.questionchoice",
    "pk": 4,
    "fields": {
        "question": 2,
        "uuid": "2-1-2",
        "text": "Вариант B",
        "is_correct": false
    }
},
{
    "model": "core.questionchoice",
    "pk": 5,
    "fields": {
        "question": 2,
        "uuid": "2-1-3",
        "text": "Вариант C",
        "is_correct": false
    }
},
{
    "model": "core.questionchoice",
    "pk": 6,
    "fields": {
        "question": 2,
        "uuid": "2-1-4",
        "text": "Вариант D",
        "is_correct": false
    }
},
{
    "model": "core.questionchoice",
    "pk": 7,
    "fields": {
        "question": 3,
        "uuid": "2-2-1",
        "text": "Вариант А",
        "is_correct": false
    }
},
{
    "model": "core.questionchoice",
    "pk": 8,
    "fields": {
        "question": 3,
        "uuid": "2-2-2",
        "text": "Вариант B",
        "is_correct": true
    }
},
{
    "model": "core.questionchoice",
    "pk": 9,
    "fields": {
        "question": 3,
        "uuid": "2-2-3",
        "text": "Вариант C",
        "is_correct": true
    }
},
{
    "model": "core.questionchoice",
    "pk": 10,
    "fields": {
        "question": 3,
        "uuid": "2-2-4",
        "text": "Вариант D",
        "is_correct": false
    }
},
{
    "model": "core.questionchoice",
    "pk": 11,
    "fields": {
        "question": 4,
        "uuid": "2-3-1",
        "text": "Вариант А",
        "is_correct": false
    }
},
{
    "model": "core.questionchoice",
    "pk": 12,
    "fields": {
        "question": 4,
        "uuid": "2-3-2",
        "text": "Вариант B",
        "is_correct": false
    }
},
{
    "model": "core.questionchoice",
    "pk": 13,
    "fields": {
        "question": 4,
        "uuid": "2-3-3",
        "text": "Вариант C",
        "is_correct": false
    }
},
{
    "model": "core.questionchoice",
    "pk": 14,
    "fields": {
        "question": 4,
        "uuid": "2-3-4",
        "text": "Вариант D",
        "is_correct": true
    }
},
{
    "model": "core.questionchoice",
    "pk": 15,
    "fields": {
        "question": 5,
        "uuid": "3-1-1",
        "text": "A. function",
        "is_correct": false
    }
},
{
    "model": "core.questionchoice",
    "pk": 16,
    "fields": {
        "question": 5,
        "uuid": "3-1-2",
        "text": "B. def",
        "is_correct": true
    }
},
{
    "model": "core.questionchoice",
    "pk": 17,
    "fields": {
        "question": 5,
        "uuid": "3-1-3",
        "text": "C. func",
        "is_correct": false
    }
},
{
    "model": "core.questionchoice",
    "pk": 18,
    "fields": {
        "question": 5,
        "uuid": "3-1-4",
        "text": "D. procedure",
        "is_correct": false
    }
},
{
    "model": "core.questionchoice",
    "pk": 19,
    "fields": {
        "question": 6,
        "uuid": "3-2-1",
        "text": "A. Идентичности объектов",
        "is_correct": true
    }
},
{
    "model": "core.questionchoice",
    "pk": 20,
    "fields": {
        "question": 6,
        "uuid": "3-2-2",
        "text": "В. Равенства значений объектов",
        "is_correct": false
    }
},
{
    "model": "core.questionchoice",
    "pk": 21,
    "fields": {
        "question": 6,
        "uuid": "3-2-3",
        "text": "C. Принадлежность объекта экземпляру класса",
        "is_correct": false
    }
},
{
    "model": "core.questionchoice",
    "pk": 22,
    "fields": {
        "question": 6,
        "uuid": "3-2-4",
        "text": "D. Наличие объекта в последовательности",
        "is_correct": false
    }
},
{
    "model": "core.questionchoice",
    "pk": 23,
    "fields": {
        "question": 7,
        "uuid": "3-3-1",
        "text": "A. super()",
        "is_correct": true
    }
},
{
    "model": "core.questionchoice",
    "pk": 24,
    "fields": {
        "question": 7,
        "uuid": "3-3-2",
        "text": "B. self",
        "is_correct": false
    }
},
{
    "model": "core.questionchoice",
    "pk": 25,
    "fields": {
        "question": 7,
        "uuid": "3-3-3",
        "text": "C. extends",
        "is_correct": false
    }
},
{
    "model": "core.questionchoice",
    "pk": 26,
    "fields": {
        "question": 7,
        "uuid": "3-3-4",
        "text": "D. @abstractmethod",
        "is_correct": false
    }
},
{
    "model": "core.questionchoice",
    "pk": 27,
    "fields": {
        "question": 8,
        "uuid": "3-4-1",
        "text": "A. @public",
        "is_correct": false
    }
},
{
    "model": "core.questionchoice",
    "pk": 28,
    "fields": {
        "question": 8,
        "uuid": "3-4-2",
        "text": "B. @private",
        "is_correct": false
    }
},
{
    "model": "core.questionchoice",
    "pk": 29,
    "fields": {
        "question": 8,
        "uuid": "3-4-3",
        "text": "C. @classmethod",
        "is_correct": true
    }
},
{
    "model": "core.questionchoice",
    "pk": 30,
    "fields": {
        "question": 8,
        "uuid": "3-4-4",
        "text": "D. @staticmethod",
        "is_correct": true
    }
},
{
    "model": "core.questionchoice",
    "pk": 31,
    "fields": {
        "question": 9,
        "uuid": "3-5-1",
        "text": "A. str",
        "is_correct": true
    }
},
{
    "model": "core.questionchoice",
    "pk": 32,
    "fields": {
        "question": 9,
        "uuid": "3-5-2",
        "text": "B. list",
        "is_correct": false
    }
},
{
    "model": "core.questionchoice",
    "pk": 33,
    "fields": {
        "question": 9,
        "uuid": "3-5-3",
        "text": "C. tuple",
        "is_correct": true
    }
},
{
    "model": "core.questionchoice",
    "pk": 34,
    "fields": {
        "question": 9,
        "uuid": "3-5-4",
        "text": "D. dict",
        "is_correct": false
    }
}
]
